"","size","sizeNext","surv","covariate","covariateNext","fec","stage","stageNext"
"1",4.88510165201204,7.55096757224277,1,0,0,7.48567884699615,"continuous","continuous"
"3",8.58109336333631,7.23361429130978,1,0,0,13.7708782472551,"continuous","continuous"
"4",4.61221312397192,6.23345975653448,1,0,0,0,"continuous","continuous"
"7",4.49659272076854,3.8651487318386,1,1,0,23.7638425748877,"continuous","continuous"
"8",3.23251259481324,2.60096230304621,1,1,0,0,"continuous","continuous"
"10",6.51522223093507,6.06044441583945,1,1,0,0,"continuous","continuous"
"11",2.16771629339705,2.25045117841303,1,1,0,0,"continuous","continuous"
"12",3.66217757887312,4.19274066197003,1,1,1,9.62969311452834,"continuous","continuous"
"13",1.30877573876988,0.572176555350539,1,1,1,0,"continuous","continuous"
"14",5.29294662768626,4.88139333663148,1,1,0,0,"continuous","continuous"
"15",5.27744102852828,5.13687236278698,1,1,0,2.01800240236103,"continuous","continuous"
"18",3.40165912029689,1.84533507671655,1,1,0,0,"continuous","continuous"
"19",7.34224447689158,6.89710498377522,1,0,1,1.31405609229993,"continuous","continuous"
"20",5.36949498704902,4.32052116010354,1,1,0,30.4918235350997,"continuous","continuous"
"21",6.21689680374732,5.54467880753158,1,1,0,5.39015231348961,"continuous","continuous"
"22",6.81146845418001,5.13719762220642,1,0,1,0,"continuous","continuous"
"23",10.1816492226014,7.64457257855463,1,1,1,87.1828898369027,"continuous","continuous"
"24",6.29733389668648,4.68016140127974,1,1,0,0,"continuous","continuous"
"27",7.16474569558053,6.93718028401759,1,1,0,7.49369260301489,"continuous","continuous"
"28",3.92613785256893,3.40568488765088,1,0,0,0,"continuous","continuous"
"30",3.40726979777926,4.29982551144529,1,1,0,0,"continuous","continuous"
"31",1.12587449006837,1.16481070731655,1,1,0,0,"continuous","continuous"
"33",6.66175128248755,5.93436476259395,1,1,0,7.24434679199576,"continuous","continuous"
"34",6.06016965104062,7.23426124912285,1,1,0,14.0244836723538,"continuous","continuous"
"36",5.52298949004756,3.58619884371709,1,1,0,0,"continuous","continuous"
"37",4.09741242238097,4.84070052726295,1,0,0,16.3465540220405,"continuous","continuous"
"38",7.25612926273396,8.50997489307477,1,0,0,0,"continuous","continuous"
"40",5.45554431256989,4.43056539782238,1,0,0,0,"continuous","continuous"
"42",3.56577021162392,3.61286034179783,1,1,1,0,"continuous","continuous"
"43",6.63265161971742,4.86307544666437,1,1,0,2.44125762588044,"continuous","continuous"
"44",5.89540488949498,4.79438463423175,1,1,1,0,"continuous","continuous"
"46",7.80974738812262,6.76169291992008,1,1,0,16.4267144629185,"continuous","continuous"
"47",3.5357277299401,4.87085199889378,1,0,0,6.19400936569401,"continuous","continuous"
"49",4.05059836993395,5.94933936550264,1,0,0,0,"continuous","continuous"
"52",4.15130981925992,3.67589955403602,1,1,0,0,"continuous","continuous"
"53",4.78801874208981,4.11841377990716,1,0,0,8.17965740036763,"continuous","continuous"
"54",5.7337594922682,4.65324502339017,1,1,0,0,"continuous","continuous"
"60",3.83955362399483,4.82247823810488,1,1,0,0,"continuous","continuous"
"63",7.8141545894694,4.52670873819842,1,1,0,18.1201668596375,"continuous","continuous"
"64",6.99083470983309,5.54088356206687,1,1,0,0,"continuous","continuous"
"66",5.96319791882208,5.32725141461257,1,1,0,13.0093175164458,"continuous","continuous"
"69",4.23940914545961,3.50911121921537,1,1,0,0,"continuous","continuous"
"70",6.22196596681989,6.3559916845851,1,1,1,0,"continuous","continuous"
"71",3.90853713598909,3.14549870523559,1,1,1,8.70241459597405,"continuous","continuous"
"75",7.81829933899195,5.231586876289,1,1,0,5.88220153145433,"continuous","continuous"
"76",5.96313468825252,4.26868993477083,1,1,1,7.72115901685893,"continuous","continuous"
"77",2.35797944531956,0.955476197302096,1,1,0,0,"continuous","continuous"
"78",6.1363517191115,4.71000158211372,1,1,0,0,"continuous","continuous"
"79",2.74314437379378,1.60764028351917,1,1,0,0,"continuous","continuous"
"83",5.45273361211079,3.64623818937815,1,1,0,0,"continuous","continuous"
"84",4.5775706833757,5.16872274507072,1,1,0,0,"continuous","continuous"
"85",4.5756725252749,3.18303575711364,1,0,1,13.7905844240719,"continuous","continuous"
"86",8.2483922340479,5.47895116767944,1,1,0,19.2325838573415,"continuous","continuous"
"87",5.40068445103797,3.60757488326741,1,0,0,7.27409485285789,"continuous","continuous"
"91",11.3033995499244,7.56338819251334,1,1,0,229.103249930816,"continuous","continuous"
"92",6.05005170523809,3.75195900112624,1,1,0,8.67833087676957,"continuous","continuous"
"95",4.21361755630108,3.66967713219734,1,1,0,20.7709107090925,"continuous","continuous"
"98",5.16667738755951,4.96531460971269,1,0,0,0,"continuous","continuous"
"103",4.47528689888309,2.64009855954568,1,1,1,14.1208370129967,"continuous","continuous"
"104",4.78448014342995,3.42966158738252,1,1,0,0,"continuous","continuous"
"105",6.53478881543513,4.30506053427303,1,1,0,22.4995917295064,"continuous","continuous"
"108",5.60903310078302,4.19059729498655,1,0,1,2.01066170099147,"continuous","continuous"
"109",6.40583285957872,6.51331552564482,1,1,1,0,"continuous","continuous"
"113",3.01700494829177,3.26189718461652,1,1,0,0,"continuous","continuous"
"119",8.52068737777951,8.61744772233343,1,1,0,17.1901765103677,"continuous","continuous"
"120",6.46093299245085,5.78273467715062,1,0,1,2.75987985240295,"continuous","continuous"
"121",3.87962940668055,5.46601329714907,1,0,0,3.49586403290398,"continuous","continuous"
"123",3.50099103317455,2.61883314625644,1,0,1,17.1940915911303,"continuous","continuous"
"124",2.88376351080734,1.73305878110926,1,1,0,0,"continuous","continuous"
"126",7.06744517367233,7.59622307239229,1,0,0,10.49272600563,"continuous","continuous"
"129",5.9308582291289,6.36873085423717,1,0,0,0,"continuous","continuous"
"131",3.68924040709082,2.65108286172695,1,0,0,18.2324830391071,"continuous","continuous"
"134",7.99999846146273,7.92101583332037,1,1,0,14.688831885,"continuous","continuous"
"137",6.0447390576607,4.53886991853959,1,1,0,0,"continuous","continuous"
"140",3.78652994316492,4.10289632067872,1,1,0,0,"continuous","continuous"
"141",6.41878313042998,4.99997802373303,1,1,0,4.00679269519846,"continuous","continuous"
"143",8.71736167623485,6.72398029975559,1,1,0,14.6770408382587,"continuous","continuous"
"145",4.21612450351724,3.61831793301635,1,1,0,0,"continuous","continuous"
"149",6.67496044020346,5.6449112833345,1,1,0,27.2511979732162,"continuous","continuous"
"151",7.70053502725848,5.56002228334125,1,1,1,4.41635289636062,"continuous","continuous"
"152",7.13225350209471,7.09006383713662,1,1,0,15.0155476630965,"continuous","continuous"
"153",3.87012824285701,3.42801476087011,1,1,0,0,"continuous","continuous"
"154",4.008070002286,3.38185325305223,1,1,0,0.419259699932122,"continuous","continuous"
"156",6.0337009071802,5.86170593668537,1,1,0,0,"continuous","continuous"
"157",6.51287072050803,3.70729962926821,1,1,1,10.433996112797,"continuous","continuous"
"159",8.19286857779171,5.51776194739897,1,1,0,3.25978063305102,"continuous","continuous"
"160",4.14383945426638,3.74388759665294,1,0,1,14.9750559089336,"continuous","continuous"
"163",6.71998364255305,6.98606928027212,1,0,0,10.5049828716556,"continuous","continuous"
"166",8.65796732633983,8.00039888336792,1,1,1,43.4126227379652,"continuous","continuous"
"167",4.45412405781529,3.67215626214723,1,1,0,0,"continuous","continuous"
"168",7.41364906257263,5.41363041550209,1,1,0,16.8561733464428,"continuous","continuous"
"169",5.77276410460556,4.29962243313901,1,1,0,3.85665522799921,"continuous","continuous"
"173",5.87828607192382,4.35049719987596,1,1,0,0,"continuous","continuous"
"175",6.42586963718647,5.60857554983494,1,1,1,0.154861122218867,"continuous","continuous"
"176",6.17432832795276,4.36977257939328,1,1,0,0,"continuous","continuous"
"178",3.16457920401175,1.48236200490131,1,1,1,0,"continuous","continuous"
"179",3.30707024713642,2.31870467170334,1,1,0,3.24277377240019,"continuous","continuous"
"180",2.27151671878558,3.00844078288157,1,1,0,0,"continuous","continuous"
"181",3.23900994560567,2.96855126132112,1,1,0,0,"continuous","continuous"
"182",2.17796840139379,0.79379358869336,1,1,0,0,"continuous","continuous"
"184",6.9779889749887,6.47568133473495,1,0,1,18.4366085618067,"continuous","continuous"
"185",2.65800863842386,2.38502879637303,1,1,0,0,"continuous","continuous"
"189",4.85838364122707,4.39350456842859,1,0,0,0,"continuous","continuous"
"190",5.88670591550187,6.15297110846075,1,0,0,6.07839833686232,"continuous","continuous"
"196",6.96123733034963,4.70483934564354,1,1,1,13.4439348410322,"continuous","continuous"
"197",2.82691743656625,4.26046991125897,1,1,1,0,"continuous","continuous"
"198",5.74223311737315,4.14112031969284,1,1,0,6.19531572258681,"continuous","continuous"
"199",6.49337220210258,7.37282580220231,1,0,1,2.50887918117491,"continuous","continuous"
"200",4.03720612213497,2.31228505614425,1,0,0,13.228252903033,"continuous","continuous"
"204",6.8766372788652,7.48639058794703,1,0,0,0,"continuous","continuous"
"205",5.63817338287327,5.18322693945681,1,0,0,0.684571761348398,"continuous","continuous"
"210",11.3120875316233,9.97505579733423,1,1,0,233.661484593392,"continuous","continuous"
"212",7.52750308351636,5.81204774596316,1,1,0,1.54375726247534,"continuous","continuous"
"213",6.06791471795188,4.6660763633135,1,1,0,20.7476414506246,"continuous","continuous"
"215",5.90232004021631,6.20085177914806,1,1,0,0,"continuous","continuous"
"217",2.18168315365028,2.40103858418555,1,1,0,0,"continuous","continuous"
"220",4.54659859147645,4.22896636504,1,1,1,0,"continuous","continuous"
"221",6.93359092175732,4.4175709258716,1,1,0,1.82594405179428,"continuous","continuous"
"222",4.65483487173956,4.92651564513952,1,1,0,5.24830547717492,"continuous","continuous"
"223",7.15914031080183,6.16723497444399,1,1,0,1.21056158833856,"continuous","continuous"
"228",4.93844625430267,5.3730530704576,1,1,0,0,"continuous","continuous"
"229",4.61386648138686,4.94267293705378,1,1,1,8.43112828398808,"continuous","continuous"
"231",9.86818284807857,7.61932204485354,1,1,0,78.0969546093973,"continuous","continuous"
"235",6.8250553039305,5.83231842011774,1,1,0,0,"continuous","continuous"
"237",6.24580741993258,3.26084429832806,1,1,0,0,"continuous","continuous"
"240",3.93767768081758,3.61007824785549,1,0,0,1.78041208733091,"continuous","continuous"
"243",4.04999130199208,2.41921284108494,1,1,0,0,"continuous","continuous"
"244",3.77981976965122,2.8530959204542,1,1,0,9.2663444323607,"continuous","continuous"
"246",4.72843556133408,4.77492955631887,1,0,0,12.1717273818993,"continuous","continuous"
"248",7.09520364696419,5.36912735814806,1,1,1,0,"continuous","continuous"
"250",8.96714042264997,8.60382483559751,1,1,0,35.3993277015795,"continuous","continuous"
"251",2.74589090810381,1.28721632348039,1,1,0,0,"continuous","continuous"
"252",2.91999174869652,2.90385875128117,1,1,0,0,"continuous","continuous"
"254",2.67175302940772,1.8318856099208,1,1,0,0,"continuous","continuous"
"256",3.25921486100947,2.49020869186409,1,1,0,0,"continuous","continuous"
"257",6.8777032637914,5.33931030414801,1,1,1,0,"continuous","continuous"
"258",3.83726241567108,3.89517598893741,1,1,0,0,"continuous","continuous"
"259",5.29169838229869,5.26417208948015,1,1,0,4.09295927467487,"continuous","continuous"
"261",4.60041764578169,7.89699442582296,1,0,0,0,"continuous","continuous"
"262",6.16873329175675,4.75980514983266,1,1,1,0,"continuous","continuous"
"264",4.57828536528568,5.80943968668096,1,0,0,0,"continuous","continuous"
"267",6.19126792181725,5.74343828298962,1,0,1,0,"continuous","continuous"
"271",5.06397735890193,6.64126963105722,1,0,0,2.14890243790273,"continuous","continuous"
"272",6.23173062872494,5.21746731870208,1,1,1,0,"continuous","continuous"
"274",4.07153814296125,5.11270625057241,1,1,0,0,"continuous","continuous"
"275",4.88092531910261,3.98193317445699,1,1,0,0,"continuous","continuous"
"278",4.81690102813979,3.71342650754491,1,1,0,14.2345170895359,"continuous","continuous"
"279",9.22117607860571,8.72794186934727,1,1,0,42.0817999113033,"continuous","continuous"
"280",7.45059824996223,4.14593734836154,1,1,0,8.43545688490685,"continuous","continuous"
"281",7.57932594887786,6.99758939932587,1,0,0,6.75793040770965,"continuous","continuous"
"282",7.27430811375019,5.00003939326748,1,1,0,0,"continuous","continuous"
"283",6.31648910304325,4.93075031573887,1,1,0,1.86123993326037,"continuous","continuous"
"285",3.90612667409407,3.77291906664001,1,1,0,15.6576768002544,"continuous","continuous"
"288",3.98928551553208,2.86794208218912,1,1,0,0,"continuous","continuous"
"289",5.24396238002791,4.62097327786973,1,1,0,5.30226553188361,"continuous","continuous"
"291",4.49435244414885,4.48690605196669,1,1,0,0.200670026327055,"continuous","continuous"
"292",6.05922139983205,5.13801975065807,1,1,0,6.5686185425838,"continuous","continuous"
"293",7.31648981555358,7.64689290471404,1,1,0,0,"continuous","continuous"
"295",4.42691613921222,3.75274506237161,1,1,0,0,"continuous","continuous"
"296",7.14854333167304,7.51142009158986,1,1,0,1.46564926603671,"continuous","continuous"
"298",5.08345663576035,3.92383404260569,1,0,0,20.4296276332279,"continuous","continuous"
"305",4.78312014803208,4.28597957333261,1,1,0,15.9887581465679,"continuous","continuous"
"309",4.19014735248104,2.90113250493748,1,1,1,0,"continuous","continuous"
"312",4.68545543856167,5.44447662158736,1,0,0,3.34818079490426,"continuous","continuous"
"315",6.96851248384863,6.75778261956242,1,0,1,28.0910672676527,"continuous","continuous"
"318",3.01785830250647,0.80383226032925,1,1,0,0,"continuous","continuous"
"319",5.06628713650993,2.44136724984516,1,1,0,3.92226797412119,"continuous","continuous"
"320",4.73336796456735,4.90982788606856,1,1,0,13.3643593965669,"continuous","continuous"
"321",5.56580454275591,3.74748116436285,1,1,0,16.896873423164,"continuous","continuous"
"323",5.12199168643953,4.81330871132416,1,1,0,0,"continuous","continuous"
"327",4.6735102014878,5.01564804960335,1,1,0,0,"continuous","continuous"
"331",3.94102399898223,3.1072706402534,1,1,1,0.370571941575576,"continuous","continuous"
"333",6.25059094713662,5.21769001277319,1,1,0,8.37743620886439,"continuous","continuous"
"335",1.68321668899151,1.48132009697586,1,1,0,0,"continuous","continuous"
"336",2.19574868094057,3.28723847814198,1,1,0,0,"continuous","continuous"
"339",6.21053731681395,4.7410298692925,1,1,0,6.29548948319608,"continuous","continuous"
"340",3.44963446757516,2.91989198126421,1,1,1,0,"continuous","continuous"
"341",7.1421828217783,5.64516658143506,1,1,0,5.06927912814283,"continuous","continuous"
"342",4.14182279505238,4.8670337612939,1,1,0,3.98804561101249,"continuous","continuous"
"344",2.64727959177646,3.57739370562233,1,1,0,0,"continuous","continuous"
"346",1.46885552574643,3.00224757261647,1,1,0,0,"continuous","continuous"
"348",7.17596902576761,6.50212222208085,1,0,1,2.17853344032451,"continuous","continuous"
"351",4.82147597972435,3.44299951976882,1,1,1,0,"continuous","continuous"
"354",7.36834448910031,6.28235292693179,1,1,0,7.62345020630306,"continuous","continuous"
"356",9.84066449650842,7.61296806664694,1,1,1,55.8641685896294,"continuous","continuous"
"360",3.97618790776962,3.39080692509258,1,1,0,8.03307695076148,"continuous","continuous"
"361",5.08175544929686,4.89151557908973,1,1,0,0,"continuous","continuous"
"368",7.69811230646233,7.41839070934028,1,1,1,28.3010751074388,"continuous","continuous"
"371",3.50265366331585,0.758582939270853,1,1,0,0,"continuous","continuous"
"372",7.27523020333995,5.70923176578365,1,1,1,6.61382765288771,"continuous","continuous"
"373",5.95368540076206,5.77006329870704,1,1,0,0,"continuous","continuous"
"374",3.23825442647644,4.26459250896948,1,0,0,0,"continuous","continuous"
"376",6.60467565662289,6.28921662471711,1,0,0,19.1531790137557,"continuous","continuous"
"379",4.80971201894229,4.60695963051239,1,1,0,0,"continuous","continuous"
"380",4.23963714004914,4.23378790651176,1,1,1,0,"continuous","continuous"
"382",4.21258273353279,3.36889837037347,1,1,1,0,"continuous","continuous"
"384",2.65860171237912,1.40112363802454,1,1,0,0,"continuous","continuous"
"385",6.16432884554539,4.89754784948535,1,0,0,0,"continuous","continuous"
"388",6.48593623622449,4.71118118360637,1,0,0,0,"continuous","continuous"
"390",3.85358270615282,4.11504288292693,1,1,1,0,"continuous","continuous"
"394",5.20427335277242,5.82621070439443,1,1,0,21.5724501103101,"continuous","continuous"
"395",5.7237409969027,4.58562104340307,1,1,0,8.63396201549026,"continuous","continuous"
"396",3.93333356227466,2.49442300025105,1,1,0,0,"continuous","continuous"
"401",7.83342632068433,7.36787868448656,1,1,0,13.7933977549543,"continuous","continuous"
"403",1.37827842441299,1.49286133055131,1,1,0,0,"continuous","continuous"
"409",5.3508702813307,5.42450384507578,1,0,0,0,"continuous","continuous"
"410",2.71086732845282,2.67029457783311,1,0,0,0,"continuous","continuous"
"411",7.25331859884233,4.09156550753583,1,1,1,0,"continuous","continuous"
"412",2.54986144524734,2.75081674727281,1,1,0,0,"continuous","continuous"
"413",5.02605623551599,4.18645642451397,1,1,0,3.09557078502542,"continuous","continuous"
"414",9.93837807821582,7.8962935328649,1,1,1,65.4705502276528,"continuous","continuous"
"415",6.50603952127273,4.18809082344557,1,1,0,1.2304364659684,"continuous","continuous"
"416",2.38023574973726,2.75199970439062,1,1,1,0,"continuous","continuous"
"418",6.19353840279464,3.30396612109322,1,1,0,0,"continuous","continuous"
"419",5.02388288160359,4.37897935864364,1,1,0,0,"continuous","continuous"
"420",4.72848921208414,3.76836112231302,1,1,1,0,"continuous","continuous"
"421",5.90626347002783,4.42422225752219,1,1,0,0,"continuous","continuous"
"422",8.90775562581627,8.17536012824328,1,1,0,39.488358833342,"continuous","continuous"
"427",4.79185373628686,6.1163477308042,1,0,0,11.365836437174,"continuous","continuous"
"428",6.07467968315385,5.40832651158613,1,1,1,5.76027704501966,"continuous","continuous"
"429",4.95232408609585,3.98980215077864,1,1,0,0,"continuous","continuous"
"430",8.25180315861397,7.66783445622063,1,1,1,17.7834134773922,"continuous","continuous"
"431",7.92316827945477,5.54746070430468,1,1,1,6.74852166740372,"continuous","continuous"
"434",4.89491429220605,4.72816371050659,1,1,0,0,"continuous","continuous"
"435",6.00981460136194,7.22116946260281,1,0,0,15.2420545870673,"continuous","continuous"
"436",4.3588301219657,4.12672164955021,1,1,1,23.6295026797285,"continuous","continuous"
"439",4.98307244306581,3.00572997991065,1,1,0,0,"continuous","continuous"
"441",4.62782693929207,4.61015890280838,1,1,1,9.31991758256247,"continuous","continuous"
"442",4.33433317496839,3.38997258856897,1,1,0,8.14137980294829,"continuous","continuous"
"443",8.08191494947822,6.93285393512779,1,1,0,24.8745887744166,"continuous","continuous"
"444",3.21388853480371,4.32898910749187,1,0,1,0,"continuous","continuous"
"445",4.22014458382118,3.68058494259398,1,1,0,12.2875763076259,"continuous","continuous"
"446",7.93371283016654,5.54313949720166,1,1,0,20.1260197670542,"continuous","continuous"
"447",5.98458485966013,6.33005534312522,1,0,0,5.7819547204302,"continuous","continuous"
"448",3.07729761676758,4.08913017650306,1,0,0,0,"continuous","continuous"
"451",5.41507958401424,3.28160398865535,1,0,0,10.1780681787585,"continuous","continuous"
"452",7.46758538012474,6.31167008727031,1,1,1,0.991070448322382,"continuous","continuous"
"453",6.06260666453491,6.30416499255102,1,1,1,0,"continuous","continuous"
"454",2.83172576149865,2.80297808720873,1,1,1,0,"continuous","continuous"
"455",5.3398540260828,5.03986576874335,1,0,0,8.45564611081269,"continuous","continuous"
"456",5.6327500031037,4.2835598046673,1,1,0,10.7746775409772,"continuous","continuous"
"459",6.51957611211354,6.80367791668125,1,1,0,10.4021664790841,"continuous","continuous"
"460",7.85330281814008,6.70302415287779,1,1,0,15.861917276755,"continuous","continuous"
"467",2.96280100049898,1.98001824531022,1,1,0,0,"continuous","continuous"
"468",6.29637205451953,4.05412531616569,1,1,0,7.54719379614918,"continuous","continuous"
"469",2.22558058756849,2.09148916108771,1,0,0,0,"continuous","continuous"
"470",4.31974038089815,1.98236805868288,1,1,0,3.95393474113367,"continuous","continuous"
"471",6.34676279995084,4.97474907543894,1,1,0,10.8133696245977,"continuous","continuous"
"473",5.52126049736732,3.77078983516588,1,0,0,0,"continuous","continuous"
"476",7.20243142521898,6.08860443506112,1,1,0,17.4042179453284,"continuous","continuous"
"478",8.68567651741338,7.08487456033701,1,1,0,32.5804236486583,"continuous","continuous"
"479",3.22931061979952,2.12910398263218,1,1,1,0,"continuous","continuous"
"480",4.75518539246557,4.84104348947554,1,1,1,0,"continuous","continuous"
"482",2.37752345881207,0.751144508458863,1,1,0,0,"continuous","continuous"
"487",5.78008300370762,4.20804751187965,1,1,0,0.704824092449497,"continuous","continuous"
"490",1.71684202736801,1.43367675146588,1,1,0,0,"continuous","continuous"
"491",6.70942935825234,5.60491485515735,1,1,0,12.8954786615002,"continuous","continuous"
"492",7.43376246809932,6.12712380844059,1,1,0,13.9896836077545,"continuous","continuous"
"497",3.44119029219581,2.37319582168529,1,1,0,3.27188523007656,"continuous","continuous"
"503",2.37092876058004,2.33680249969673,1,1,0,0,"continuous","continuous"
"505",5.48147783410423,3.71555020427171,1,1,0,0,"continuous","continuous"
"506",6.76648182553369,5.23686990984237,1,1,0,0,"continuous","continuous"
"508",4.44037016159974,4.58169998133646,1,1,0,29.0121284530661,"continuous","continuous"
"510",5.12581717247916,4.42268648515234,1,1,0,0,"continuous","continuous"
"512",5.77014059133042,4.09966436360842,1,1,1,4.31332722362025,"continuous","continuous"
"520",10.0738503292086,7.59839178099093,1,1,0,65.1779416871415,"continuous","continuous"
"521",8.83173672944379,8.00850194271841,1,1,0,25.1412080701374,"continuous","continuous"
"523",4.65911867298838,3.21171319289188,1,1,1,0.530416261972696,"continuous","continuous"
"527",4.13414536202258,2.79265041878338,1,1,0,0,"continuous","continuous"
"530",4.12711859902356,2.91855512007734,1,1,0,0,"continuous","continuous"
"532",7.93616763372854,5.73502531426625,1,1,1,5.04947242555473,"continuous","continuous"
"534",5.78336952228326,4.32167035052179,1,1,0,0.331739631373017,"continuous","continuous"
"536",4.66564663741759,3.35668465987268,1,1,0,10.8506795004482,"continuous","continuous"
"538",6.112069288339,5.73398631261637,1,0,0,5.70262047373312,"continuous","continuous"
"539",4.97902168166606,5.07255063431873,1,0,0,0,"continuous","continuous"
"540",8.21948453451534,8.33372368228354,1,1,0,0,"continuous","continuous"
"541",5.9247288607463,4.35474307517595,1,1,1,0,"continuous","continuous"
"542",6.00775782599487,2.90983719041496,1,1,0,2.9412812706863,"continuous","continuous"
"546",7.4920645404882,6.53716206023302,1,1,0,32.1230290628507,"continuous","continuous"
"548",4.69246860963232,5.36165876257147,1,1,0,0,"continuous","continuous"
"552",7.11449980524724,6.05350978383623,1,0,0,1.60018133286687,"continuous","continuous"
"556",7.30839987340921,6.75089930800041,1,1,0,11.8745746913127,"continuous","continuous"
"558",6.65653010669327,5.67147048851238,1,1,1,14.8408288711623,"continuous","continuous"
"559",3.11479570258907,1.78506008501737,1,1,0,0,"continuous","continuous"
"562",6.77891269516853,7.98166107355168,1,0,0,0,"continuous","continuous"
"563",7.80232239410454,8.00942638011617,1,0,0,0,"continuous","continuous"
"566",4.38976748802662,4.0521387432117,1,0,0,6.99587300055318,"continuous","continuous"
"567",3.71489951827363,3.14458565455956,1,1,0,1.19337508694491,"continuous","continuous"
"569",10.0647095354781,10.2488289774857,1,1,0,71.5503665877551,"continuous","continuous"
"574",6.20860225221773,5.15018136082165,1,1,0,2.13744843634951,"continuous","continuous"
"575",3.34289511968563,2.69077599627482,1,1,0,0,"continuous","continuous"
"576",4.46290399927446,3.26608794778242,1,1,0,12.7108963992317,"continuous","continuous"
"578",4.30978265965194,4.08720734420716,1,1,1,0,"continuous","continuous"
"580",3.80786891711647,2.18255723012374,1,1,0,1.3999336645138,"continuous","continuous"
"583",10.5664495266475,10.4954546412388,1,0,0,107.709846588456,"continuous","continuous"
"584",8.97603165843706,7.27562004174271,1,1,0,34.6115684051169,"continuous","continuous"
"586",6.4693550035067,3.23036780723379,1,1,0,0,"continuous","continuous"
"587",8.36233864127418,7.5720096309347,1,1,1,13.9651768438567,"continuous","continuous"
"590",5.56880316685177,4.95390170202274,1,1,0,0,"continuous","continuous"
"591",4.51069256388388,6.46920315522971,1,0,0,4.41371731929068,"continuous","continuous"
"592",6.10796881499138,5.43682197622265,1,0,0,6.16775588433688,"continuous","continuous"
"595",4.97030891489329,2.38816811151778,1,1,0,10.1285943164732,"continuous","continuous"
"596",2.6634848956262,1.0340419862533,1,1,0,0,"continuous","continuous"
"598",1.78936924885945,1.1386270075028,1,1,0,0,"continuous","continuous"
"602",5.26022344566971,3.62144540946694,1,1,0,0,"continuous","continuous"
"605",4.6216844013481,3.34514780818007,1,1,0,14.0349611925817,"continuous","continuous"
"606",2.64748125994692,3.45192168007022,1,1,0,0,"continuous","continuous"
"609",7.12547795623491,2.09283126016138,1,1,0,15.5589908730404,"continuous","continuous"
"610",4.02085228533024,4.74672045966632,1,1,0,0,"continuous","continuous"
"611",3.95655569163476,3.87788740769236,1,1,1,11.4845949915556,"continuous","continuous"
"612",7.2729323644508,4.45894522142618,1,1,0,0.265440514251218,"continuous","continuous"
"613",5.91987742687316,5.71727185180406,1,0,0,28.6264470366966,"continuous","continuous"
"614",3.26726431151027,2.62222486718595,1,1,0,0,"continuous","continuous"
"615",3.8814540516485,3.88606838771549,1,1,0,5.41463498701479,"continuous","continuous"
"617",3.52970861847119,3.49261899854233,1,0,0,0,"continuous","continuous"
"619",6.53100902582706,7.34891688446125,1,1,0,0,"continuous","continuous"
"621",7.29806243339089,4.46489829042891,1,1,0,2.45675796058591,"continuous","continuous"
"622",7.81273044491622,4.58713449860772,1,1,0,4.5542250554453,"continuous","continuous"
"623",6.77927076646205,5.92609764892779,1,0,1,0,"continuous","continuous"
"624",6.57701202815997,5.10736702428949,1,1,0,18.8967500503062,"continuous","continuous"
"625",8.43885933401924,6.51803447430903,1,1,0,15.3747672471125,"continuous","continuous"
"626",2.93584214613571,2.52988006595595,1,1,0,0,"continuous","continuous"
"632",6.98326927076142,4.29180916392797,1,1,1,14.9788897071894,"continuous","continuous"
"637",8.06539366599705,6.89854457729738,1,1,0,12.3144273312012,"continuous","continuous"
"638",4.22900285861658,4.29741427864385,1,1,0,8.25289701852942,"continuous","continuous"
"639",9.15225706898608,9.1676199858894,1,1,0,33.0254479808712,"continuous","continuous"
"640",6.35155574948695,5.35732903153966,1,1,0,0,"continuous","continuous"
"642",2.84756444386407,2.08894991659392,1,1,0,0,"continuous","continuous"
"643",5.11797384141392,5.23886479025677,1,1,1,12.2887539517204,"continuous","continuous"
"645",3.35616570684467,4.77190076150497,1,1,0,0,"continuous","continuous"
"647",7.34939806858558,6.69741643188876,1,1,1,13.9813125590709,"continuous","continuous"
"649",2.76807144842553,1.08776554040611,1,1,0,0,"continuous","continuous"
"652",4.98056966823828,3.96840155219478,1,0,0,22.2109840509198,"continuous","continuous"
"653",4.07385143299127,5.08206847336805,1,1,0,0,"continuous","continuous"
"654",2.53254818615813,2.7575454555883,1,1,0,0,"continuous","continuous"
"662",3.99701474152774,3.94869719136039,1,1,0,11.720770062829,"continuous","continuous"
"663",4.80165581813171,4.2019780440716,1,1,0,3.18289112348849,"continuous","continuous"
"665",8.02048276745668,6.15088815681341,1,1,0,16.1274582298268,"continuous","continuous"
"666",4.9723958231569,4.35252805876774,1,1,0,0,"continuous","continuous"
"667",9.0638880742051,7.90092002575076,1,1,0,30.0806788793438,"continuous","continuous"
"669",3.91012937347992,4.20736712630736,1,1,0,0,"continuous","continuous"
"674",3.39886323892444,1.83743495746516,1,1,0,7.92988560052732,"continuous","continuous"
"678",5.01507414782846,4.21398880192539,1,0,0,3.93168632918891,"continuous","continuous"
"679",2.50253135130143,2.97018536491523,1,1,0,0,"continuous","continuous"
"680",2.92498410218843,1.7089782349445,1,1,0,0,"continuous","continuous"
"681",3.92640420706371,3.40534215700486,1,1,0,0,"continuous","continuous"
"684",5.15051204193179,3.04422655591131,1,1,1,20.7941677105139,"continuous","continuous"
"685",4.24612555269219,4.29779839778134,1,0,0,0,"continuous","continuous"
"691",6.94021207427891,5.10871398311931,1,1,0,1.350751408237,"continuous","continuous"
"693",4.0788192561995,3.09940399785181,1,1,0,0,"continuous","continuous"
"694",8.39253227175871,5.89112205289343,1,1,0,31.1757085017882,"continuous","continuous"
"695",4.0980483247361,4.17955969079633,1,1,0,3.32498221720362,"continuous","continuous"
"698",3.24162788998299,2.86517093808047,1,1,0,0,"continuous","continuous"
"700",3.82972762958906,3.17861437679037,1,1,0,0,"continuous","continuous"
"702",1.64684180909543,1.96633335873979,1,0,0,0,"continuous","continuous"
"704",2.44582110170297,1.70501981108086,1,1,1,0,"continuous","continuous"
"706",5.16670678536214,4.41627560199315,1,1,0,0,"continuous","continuous"
"708",3.31574923774183,2.66884837587865,1,1,0,0,"continuous","continuous"
"709",2.51607769648572,3.37529508214715,1,1,0,0,"continuous","continuous"
"710",7.93770519981545,5.54091399146037,1,1,1,5.31786584061076,"continuous","continuous"
"715",2.1547765357368,1.73858999204929,1,1,0,0,"continuous","continuous"
"717",4.70531336384804,3.9572840504822,1,1,0,4.49215593825961,"continuous","continuous"
"719",6.54601600978715,6.1433722620639,1,1,0,22.5207330913233,"continuous","continuous"
"720",4.90137850679555,4.40333918560975,1,1,0,9.74388488871549,"continuous","continuous"
"721",4.63325285933531,7.29973179944039,1,1,0,1.58073586700994,"continuous","continuous"
"724",6.24808492523278,6.44066373971463,1,1,0,13.5403902148117,"continuous","continuous"
"726",6.22015421239103,6.34075165933679,1,1,0,0,"continuous","continuous"
"729",8.43644749787877,7.63272427240223,1,1,0,14.0558856272412,"continuous","continuous"
"730",4.68025230830387,5.69004273438931,1,1,0,1.18064552953654,"continuous","continuous"
"733",5.0042291344376,3.90039143027356,1,1,1,25.6012305566904,"continuous","continuous"
"735",8.92982401313489,6.58310177934291,1,1,0,24.7582684323959,"continuous","continuous"
"737",4.879712750718,3.64274592744988,1,0,0,0,"continuous","continuous"
"740",5.81933243955294,5.07542474113212,1,1,0,6.74714168868383,"continuous","continuous"
"741",5.28827233959046,2.59295680620527,1,1,0,0,"continuous","continuous"
"744",6.4773681145398,4.16403062783533,1,1,0,12.2588283084292,"continuous","continuous"
"745",3.46205593573865,0.992063461103153,1,1,1,12.2863371582963,"continuous","continuous"
"746",4.8941053262457,4.45213704661499,1,1,0,9.19758175722178,"continuous","continuous"
"747",4.87787354434931,4.61146090210174,1,0,1,12.4882217006799,"continuous","continuous"
"756",4.1072708449243,3.2112241958377,1,0,0,4.86881583066935,"continuous","continuous"
"759",3.61799884447225,2.94905863262811,1,1,0,4.27839310359493,"continuous","continuous"
"762",3.63486710350211,2.8513268312175,1,1,1,8.68011259578205,"continuous","continuous"
"763",3.92060208173881,2.20932593754718,1,1,1,0,"continuous","continuous"
"765",4.06744267203457,3.94973107799919,1,0,0,0,"continuous","continuous"
"766",5.83836603131354,6.65909380609624,1,1,0,0,"continuous","continuous"
"772",5.21546230866014,5.20785117968664,1,1,1,0,"continuous","continuous"
"774",7.09003065707278,4.25618916821284,1,1,0,0.418680167710774,"continuous","continuous"
"776",9.13312962507991,9.75897528953941,1,1,0,37.0834474898746,"continuous","continuous"
"777",5.67284027453227,3.64343700334232,1,1,0,18.2513036513369,"continuous","continuous"
"778",7.47838435301479,5.48890889672887,1,1,0,11.0886263629251,"continuous","continuous"
"779",4.85023728483249,4.45696236791028,1,1,0,4.42804982234303,"continuous","continuous"
"781",3.8006964399745,2.92407629513776,1,0,0,0,"continuous","continuous"
"783",3.85947420565203,3.40048079747596,1,0,0,0,"continuous","continuous"
"784",3.29982427717324,2.93913518933659,1,1,0,3.34947531295509,"continuous","continuous"
"787",3.55988648467975,3.28196836142965,1,0,1,0,"continuous","continuous"
"789",6.57326546604725,5.0832843151104,1,1,0,0,"continuous","continuous"
"793",0.368711548166536,0.124878917002052,1,1,0,0,"continuous","continuous"
"796",7.70300647032682,4.72556283321243,1,1,0,0,"continuous","continuous"
"797",8.77275234513453,6.30061897296175,1,1,0,24.9711455244532,"continuous","continuous"
"799",4.31254692085059,2.38149345211609,1,1,0,0,"continuous","continuous"
"800",5.03444599739404,0.978569982619304,1,1,0,0,"continuous","continuous"
"802",6.37969248760537,6.86214962039402,1,1,0,19.192812761004,"continuous","continuous"
"803",5.72532349895211,4.82750191420419,1,1,0,0.97008154517901,"continuous","continuous"
"806",8.29796602460662,5.98284260711319,1,1,0,27.7349513449329,"continuous","continuous"
"807",7.23118710002277,7.78923167918534,1,0,0,17.1163923428393,"continuous","continuous"
"808",4.17952577006425,4.59232729329865,1,1,0,0,"continuous","continuous"
"811",2.83951565386151,3.16583192108128,1,1,0,0,"continuous","continuous"
"813",4.73511122342324,4.37742003345814,1,1,0,0,"continuous","continuous"
"818",6.13704731221072,5.61209039074649,1,1,1,7.76976459941566,"continuous","continuous"
"820",3.71370583160366,3.34574935565562,1,1,0,6.79078762705994,"continuous","continuous"
"821",8.17672200306993,7.71044439176915,1,0,0,17.023474854138,"continuous","continuous"
"822",1.85949619219771,2.75168908798702,1,1,0,0,"continuous","continuous"
"823",4.20753309347543,3.96911450678485,1,1,0,0,"continuous","continuous"
"824",4.76337460103181,2.88512239973366,1,1,0,4.6947099414434,"continuous","continuous"
"825",5.30045163366428,2.78482038927201,1,1,0,13.231265130587,"continuous","continuous"
"826",3.18358994214404,2.56700963965083,1,1,0,0,"continuous","continuous"
"829",6.99654692221018,3.64236526435429,1,1,0,11.9135473357572,"continuous","continuous"
"830",7.28994790235107,5.95224776510952,1,1,0,4.00861530119404,"continuous","continuous"
"831",1.97908702298455,0.787514334912259,1,1,0,0,"continuous","continuous"
"834",4.70530484841756,3.41225544308809,1,1,0,0,"continuous","continuous"
"842",6.91667883309262,7.39431793777487,1,1,0,0,"continuous","continuous"
"843",6.11704911440844,5.07121411755127,1,1,0,0,"continuous","continuous"
"844",5.94088075043306,6.4370613639673,1,1,0,9.42311189147654,"continuous","continuous"
"845",4.14539992646388,5.26658493950098,1,1,0,0,"continuous","continuous"
"846",3.88652349002984,3.80431928163109,1,1,0,0,"continuous","continuous"
"847",5.82891586116759,4.73345205553968,1,0,0,13.9802464119597,"continuous","continuous"
"849",7.01152346185411,5.60124954279295,1,1,0,8.68142992102014,"continuous","continuous"
"850",1.14714080710724,2.98861629599744,1,1,0,0,"continuous","continuous"
"852",2.99254184365402,2.5326177355048,1,1,0,0,"continuous","continuous"
"854",6.44504193461977,5.40379419751309,1,1,1,0,"continuous","continuous"
"855",5.72295467378447,4.61097355844569,1,0,0,5.67125140464379,"continuous","continuous"
"858",7.01180894485868,4.86312598284009,1,1,0,6.22869259864009,"continuous","continuous"
"860",8.41637227697058,5.97682592995558,1,1,0,15.1572897589798,"continuous","continuous"
"862",3.15679943771365,3.38146666018155,1,0,1,0,"continuous","continuous"
"863",9.08628129984205,7.34434592009818,1,1,0,19.8226527001094,"continuous","continuous"
"864",3.66718524128375,2.80749500730305,1,1,0,0,"continuous","continuous"
"865",6.78603925798859,3.54870261025845,1,1,0,8.19328670734476,"continuous","continuous"
"866",4.55481824380198,3.90257818873128,1,0,0,12.7001166109942,"continuous","continuous"
"871",4.34053570335286,1.55039907143339,1,1,0,2.15813549968737,"continuous","continuous"
"873",6.86349176875271,5.6209527358667,1,1,0,0,"continuous","continuous"
"875",5.95784520828305,4.38885991094995,1,1,0,2.54159896518332,"continuous","continuous"
"877",5.05162767523218,4.71924274058994,1,1,0,0.730594131198191,"continuous","continuous"
"878",5.62848824247566,4.29959289786612,1,1,0,17.7270585688592,"continuous","continuous"
"882",6.8014643711738,6.43264707236459,1,0,0,0.292771729201803,"continuous","continuous"
"883",9.06737970904794,7.75088134619141,1,1,0,18.1012038438513,"continuous","continuous"
"884",5.33754535443607,3.3615084020395,1,1,0,1.55209059759515,"continuous","continuous"
"893",7.80865505325762,7.50904351340754,1,1,0,9.33186303885506,"continuous","continuous"
"895",6.13510449894204,6.06385080935481,1,1,0,0,"continuous","continuous"
"898",5.25486933633988,3.83962340658536,1,1,0,0,"continuous","continuous"
"899",6.03791784810597,5.52723785004689,1,1,0,0,"continuous","continuous"
